Congress,Begin year,End Year,# of House Seats,Pro-Administration,Anti-Administration,Other,Del./Res.
1st,1789,1791,65,37,28,0,0/0
2nd,1791,1793,69,39,30,0,0/0
3rd,1793,1795,105,51,54,0,Jan-00
4th,1795,1797,106,47,59,0,Jan-00
5th,1797,1799,106,57,49,0,0/0
6th,1799,1801,106,60,46,0,Jan-00
7th,1801,1803,106,38,68,0,Feb-00
8th,1803,1805,142,39,103,0,Jan-00
9th,1805,1807,142,28,114,0,Mar-00
10th,1807,1809,142,26,116,0,Mar-00
11th,1809,1811,142,50,92,0,Mar-00
12th,1811,1813,143,36,107,0,May-00
13th,1813,1815,182,68,114,0,Apr-00
14th,1815,1817,183,64,119,0,Apr-00
15th,1817,1819,185,39,146,0,Apr-00
16th,1819,1821,186,26,160,0,Apr-00
17th,1821,1823,187,32,155,0,Apr-00
18th,1823,1825,213,72,64,"Crawford Republicans (53),",Mar-00
,,,,,,"Adams-Clay Federalists (15),",
,,,,,,"Jackson Federalists (7),",
,,,,,,Crawford Federalists (2),
19th,1825,1827,213,109,104,0,Mar-00
20th,1827,1829,213,100,113,0,Mar-00
21st,1829,1831,213,72,136,Anti-Masonics (5),Mar-00
22nd,1831,1833,213,66,126,"Anti-Masonics (17),",Mar-00
,,,,,,Nullifiers (4),
23rd,1833,1835,240,63,143,"Anti-Masonics (25),",Mar-00
,,,,,,Nullifiers (9),
24th,1835,1837,242,75,143,"Anti-Masonics (16),",Apr-00
,,,,,,Nullifiers (8),
25th,1837,1839,242,128,100,"Anti-Masonics (7),",Mar-00
,,,,,,"Nullifiers (6),",
,,,,,,Independent (1),
26th,1839,1841,242,125,109,"Anti-Masonics (6),",Mar-00
,,,,,,Conservatives (2),
27th,1841,1843,242,98,142,"Independent (1),",Mar-00
,,,,,,Independent Democrat (1),
28th,1843,1845,223,147,72,"Law and Order (2),",Mar-00
,,,,,,"Independent Democrat (1),",
,,,,,,Independent Whig (1),
29th,1845,1847,228,142,79,American (6),Feb-00
30th,1847,1849,230,110,116,"Independent Democrats (2),",Jan-00
,,,,,,"American (1),",
,,,,,,Independent (1),
31st,1849,1851,233,113,108,"Free Soilers (9),",Feb-00
,,,,,,"American (1),",
,,,,,,Independent (1),
32nd,1851,1853,233,127,85,"Unionists (10),",Apr-00
,,,,,,"Free Soilers (4),",
,,,,,,"Independent Democrats (3),",
,,,,,,"States Rights (3),",
,,,,,,Independent Whig (1),
33rd,1853,1855,234,157,71,"Free Soilers (4),",Jul-00
,,,,,,"Independent (1),",
,,,,,,Independent Democrat (1),
34th,1855,1857,234,83,100,Americans (51),Jul-00
35th,1857,1859,237,132,90,"Americans (14),",Jul-00
,,,,,,Independent Democrat (1),
36th,1859,1861,238,83,116,"Opposition (19),",May-00
,,,,,,"Anti-Lecompton Democrats (8),",
,,,,,,"Independent Democrats (7),",
,,,,,,Americans (5),
37th,1861,1863,183,44,108,"Unionists (26),",Jul-00
,,,,,,"Constitutional Unionists (2),",
,,,,,,"Unions (2),",
,,,,,,Independent Democrat (1),
38th,1863,1865,184,72,85,"Unconditional Unionists (16),",Oct-00
,,,,,,"Unionists (9),",
,,,,,,Independent Republicans (2),
39th,1865,1867,193,38,136,"Unconditional Unionists (13),",Sep-00
,,,,,,"Unionists (5),",
,,,,,,Independent Republican (1),
40th,1867,1869,2261,47,173,"Conservatives (2),",Aug-00
,,,,,,"Conservative Republican (1),",
,,,,,,Independent Republican (1),
41st,1869,1871,243,67,171,Conservatives (5),Sep-00
42nd,1871,1873,243,104,136,"Liberal Republicans (2),",Oct-00
,,,,,,Independent Republican (1),
43rd,1873,1875,292,88,199,"Liberal Republicans (4),",Oct-00
,,,,,,Independent Democrat (1),
44th,1875,1877,293,182,103,"Independents (4),",Sep-00
,,,,,,"Independent Republicans (3),",
,,,,,,Independent Democrat (1),
45th,1877,1879,293,155,136,Independent Democrats (2),Aug-00
46th,1879,1881,293,141,132,"Nationals (13),",Aug-00
,,,,,,Independent Democrats (7),
47th,1881,1883,293,128,151,"Nationals (10),",Aug-00
,,,,,,"Readjuster Democrats (2),",
,,,,,,"Independent (1),",
,,,,,,Independent Democrat (1),
48th,1883,1885,325,196,117,"Readjusters (4),",Aug-00
,,,,,,"Independent Democrats (3),",
,,,,,,"Independents (2),",
,,,,,,"Nationals (2),",
,,,,,,Independent Republican (1),
49th,1885,1887,325,182,141,"Independent Democrat (1),",Aug-00
,,,,,,National (1),
50th,1887,1889,325,167,152,"Independent Republicans (2),",Aug-00
,,,,,,"Labors (2),",
,,,,,,"Independent (1),",
,,,,,,National (1),
51st,1889,1891,332,152,179,Labor (1),Sep-00
52nd,1891,1893,332,238,86,Populists (8),Apr-00
53rd,1893,1895,356,218,124,"Populists (11),",Apr-00
,,,,,,"Independent Democrats (2),",
,,,,,,Silver (1),
54th,1895,1897,357,93,254,"Populists (9),",Apr-00
,,,,,,Silver (1),
55th,1897,1899,357,124,206,"Populists (22),",Mar-00
,,,,,,"Silver Republicans (3),",
,,,,,,"Independent Republican (1),",
,,,,,,Silver (1),
56th,1899,1901,357,161,187,"Populists (5),",Apr-00
,,,,,,"Silver Republicans (2),",
,,,,,,"Independent Populist (1),",
,,,,,,Silver (1),
57th,1901,1903,357,151,200,"Populists (5),",1-Apr
,,,,,,Silver Republican (1),
58th,1903,1905,386,176,207,Independent Republicans (3),1-Apr
59th,1905,1907,386,135,251,0,1-May
60th,1907,1909,391,167,223,Independent Republican (1),1-May
61st,1909,1911,391,172,219,0,3-Apr
62nd,1911,1913,394,230,162,"Progressive Republican (1),",3-Apr
,,,,,,Socialist (1),
63rd,1913,1915,435,291,134,"Progressives (9),",3-Feb
,,,,,,Independent (1),
64th,1915,1917,435,230,196,"Progressive (6),",3-Feb
,,,,,,"Independent (1),",
,,,,,,"Prohibitionist (1),",
,,,,,,Socialist (1),
65th,1917,1919,435,214,215,"Progressives (3),",3-Feb
,,,,,,"Independent Republican (1),",
,,,,,,"Prohibitionist (1),",
,,,,,,Socialist (1),
66th,1919,1921,435,192,240,"Prohibitionist (1),",3-Feb
,,,,,,Union-Labor (1),
67th,1921,1923,435,132,302,Socialist (1),3-Feb
68th,1923,1925,435,207,225,"Farmer-Labor (2),",3-Feb
,,,,,,Socialist (1),
69th,1925,1927,435,183,247,"Farmer-Labor (3),",3-Feb
,,,,,,"American-Labor (1),",
,,,,,,Socialist (1),
70th,1927,1929,435,194,238,"Farmer-Labor (2),",3-Feb
,,,,,,Socialist (1),
71st,1929,1931,435,164,270,Farmer-Labor (1),3-Feb
72nd,1931,1933,435,216,218,Farmer-Labor (1),3-Feb
73rd,1933,1935,435,313,117,Farmer-Labor (5),3-Feb
74th,1935,1937,435,322,103,"Progressives (7),",3-Feb
,,,,,,Farmer-Labor (3),
75th,1937,1939,435,334,88,"Progressives (8),",2-Feb
,,,,,,Farmer-Labor (5),
76th,1939,1941,435,262,169,"Progressives (2),",2-Feb
,,,,,,"Farmer-Labor (1),",
,,,,,,American Labor (1),
77th,1941,1943,435,267,162,"Progressives (3),",2-Feb
,,,,,,"Farmer-Labor (1),",
,,,,,,"American Labor (1),",
,,,,,,Independent Democrat (1),
78th,1943,1945,435,222,209,"Progressives (2),",2-Feb
,,,,,,"Farmer-Labor (1),",
,,,,,,American Labor (1),
79th,1945,1947,435,244,189,"Progressives (1),",2-Feb
,,,,,,American Labor (1),
80th,1947,1949,435,188,246,American Labor (1),1-Feb
81st,1949,1951,435,263,171,American Labor (1),1-Feb
82nd,1951,1953,435,235,199,Independent (1),1-Feb
83rd,1953,1955,435,213,221,Independent (1),1-Feb
84th,1955,1957,435,232,203,0,1-Feb
85th,1957,1959,435,232,203,0,1-Feb
86th,1959,1961,4363,282,153,Independent Democrat (1),1-Jan
87th,1961,1963,437,264,173,0,0/1
88th,1963,1965,435,258,176,Independent Democrat (1),0/1
89th,1965,1967,435,295,140,0,0/1
90th,1967,1969,435,248,187,0,0/1
91st,1969,1971,435,243,192,0,0/1
92nd,1971,1973,435,255,180,0,1-Jan
93rd,1973,1975,435,243,192,0,1-Mar
94th,1975,1977,435,291,144,0,1-Mar
95th,1977,1979,435,292,143,0,1-Mar
96th,1979,1981,435,278,157,0,1-Mar
97th,1981,1983,435,243,192,0,1-Apr
98th,1983,1985,435,269,166,0,1-Apr
99th,1985,1987,435,254,181,0,1-Apr
100th,1987,1989,435,258,177,0,1-Apr
101st,1989,1991,435,260,175,0,1-Apr
102nd,1991,1993,435,267,167,Independent (1),1-Apr
103rd,1993,1995,435,258,176,Independent (1),1-Apr
104th,1995,1997,435,204,230,Independent (1),1-Apr
105th,1997,1999,435,207,226,Independent (2),1-Apr
106th,1999,2001,435,211,223,Independent (1),1-Apr
107th,2001,2003,435,212,221,Independent (2),1-Apr
108th,2003,2005,435,205,229,Independent (1),1-Apr
109th,2005,2007,435,201,233,Independent (1),1-Apr
110th,2007,2009,435,233,202,0,1-Apr
111th,2009,2011,435,257,178,0,1-May
112th,2011,2013,435,193,242,0,1-May
113th,2013,2015,435,201,234,0,1-May
114th,2015,2017,435,188,247,0,1-May
115th,2017,2019,435,194,241,0,1-May
116th,2019,2021,4354,235,199,0,1-May
117th,2021,2023,4355,222,212,0,1-May
118th,2023,2025,435,213,222,0,1-May
119th,2025,2027,435,215,220,0,1-May
